collector,count,count21,count20,percent_total,percent_total21,percent_total20,dollar_amount,dollar_amount21,dollar_amount20,dollar_percent_total,dollar_percent_total21,dollar_percent_total20,percent_with_representation,percent_with_representation21,percent_with_representation20,percent_default_judgement,percent_default_judgement21,percent_default_judgement20,percent_case_completed,percent_case_completed21,percent_case_completed20
POPLAR BLUFF REGIONAL MEDICAL CENTER LLC,87,6,81,40.3%,25.0%,42.2%,0,0,0,0.0%,0.0%,0.0%,3.4%,0.0%,3.7%,16.1%,16.7%,16.0%,98.9%,83.3%,100.0%
LVNV FUNDING LLC,19,3,16,8.8%,12.5%,8.3%,0,0,0,0.0%,0.0%,0.0%,10.5%,0.0%,12.5%,36.8%,66.7%,31.3%,84.2%,66.7%,87.5%
MIDLAND CREDIT MANAGEMENT INC,14,3,11,6.5%,12.5%,5.7%,0,0,0,0.0%,0.0%,0.0%,21.4%,33.3%,18.2%,35.7%,33.3%,36.4%,71.4%,33.3%,81.8%
POPLAR BLUFF REG MED CTR LLC D/B/A POPLAR BLUFF REG MED CTR,12,3,9,5.6%,12.5%,4.7%,0,0,0,0.0%,0.0%,0.0%,0.0%,0.0%,0.0%,8.3%,33.3%,0.0%,100.0%,100.0%,100.0%
POPLAR BLUFF REGIONAL MEDICAL CENTER,10,3,7,4.6%,12.5%,3.6%,0,0,0,0.0%,0.0%,0.0%,0.0%,0.0%,0.0%,10.0%,0.0%,14.3%,100.0%,100.0%,100.0%
PORTFOLIO RECOVERY ASSOCIATES LLC,7,0,7,3.2%,0.0%,3.6%,0,0,0,0.0%,0.0%,0.0%,0.0%,0.0%,0.0%,42.9%,0.0%,42.9%,100.0%,0.0%,100.0%
MADISON MEDICAL CENTER,5,0,5,2.3%,0.0%,2.6%,0,0,0,0.0%,0.0%,0.0%,0.0%,0.0%,0.0%,40.0%,0.0%,40.0%,100.0%,0.0%,100.0%
PBRMCLLC D/B/A POPLAR BL. REG MED CNTR,5,0,5,2.3%,0.0%,2.6%,0,0,0,0.0%,0.0%,0.0%,20.0%,0.0%,20.0%,0.0%,0.0%,0.0%,80.0%,0.0%,80.0%
MIDLAND FUNDING LLC,4,0,4,1.9%,0.0%,2.1%,0,0,0,0.0%,0.0%,0.0%,0.0%,0.0%,0.0%,25.0%,0.0%,25.0%,100.0%,0.0%,100.0%
BANK OF AMERICA NA,4,1,3,1.9%,4.2%,1.6%,0,0,0,0.0%,0.0%,0.0%,25.0%,0.0%,33.3%,25.0%,0.0%,33.3%,100.0%,100.0%,100.0%
SOUTHEAST MISSOURI HOSPITAL ASSOCIATION,3,0,3,1.4%,0.0%,1.6%,0,0,0,0.0%,0.0%,0.0%,33.3%,0.0%,33.3%,0.0%,0.0%,0.0%,100.0%,0.0%,100.0%
JEFFERSON CAPITAL SYSTEMS LLC,3,0,3,1.4%,0.0%,1.6%,0,0,0,0.0%,0.0%,0.0%,0.0%,0.0%,0.0%,33.3%,0.0%,33.3%,100.0%,0.0%,100.0%
CAVALRY SPV I LLC,3,0,3,1.4%,0.0%,1.6%,0,0,0,0.0%,0.0%,0.0%,0.0%,0.0%,0.0%,0.0%,0.0%,0.0%,100.0%,0.0%,100.0%
CITIBANK NA,3,1,2,1.4%,4.2%,1.0%,0,0,0,0.0%,0.0%,0.0%,0.0%,0.0%,0.0%,33.3%,0.0%,50.0%,100.0%,100.0%,100.0%
PBRMC LLC D/B/A PBRMC,3,0,3,1.4%,0.0%,1.6%,0,0,0,0.0%,0.0%,0.0%,0.0%,0.0%,0.0%,0.0%,0.0%,0.0%,100.0%,0.0%,100.0%
CREDIT BUREAU SERVICES LLC AS ASSIGNEE OF CAPE RADIOLOGY,2,0,2,0.9%,0.0%,1.0%,0,0,0,0.0%,0.0%,0.0%,0.0%,0.0%,0.0%,0.0%,0.0%,0.0%,100.0%,0.0%,100.0%
CAPITAL ONE BANK,2,0,2,0.9%,0.0%,1.0%,0,0,0,0.0%,0.0%,0.0%,0.0%,0.0%,0.0%,0.0%,0.0%,0.0%,100.0%,0.0%,100.0%
MADISON MEDICAL CENTER -FABERBRAND,2,0,2,0.9%,0.0%,1.0%,0,0,0,0.0%,0.0%,0.0%,0.0%,0.0%,0.0%,50.0%,0.0%,50.0%,100.0%,0.0%,100.0%
CAPE RADIOLOGY GROUP,2,0,2,0.9%,0.0%,1.0%,0,0,0,0.0%,0.0%,0.0%,0.0%,0.0%,0.0%,50.0%,0.0%,50.0%,100.0%,0.0%,100.0%
PBRMC INC D/B/A PBRMC,2,0,2,0.9%,0.0%,1.0%,0,0,0,0.0%,0.0%,0.0%,0.0%,0.0%,0.0%,50.0%,0.0%,50.0%,100.0%,0.0%,100.0%
CREDIT BUREAU SERVICE LLC-CAPE RADIOLOGY GROUP ETAL,2,0,2,0.9%,0.0%,1.0%,0,0,0,0.0%,0.0%,0.0%,0.0%,0.0%,0.0%,50.0%,0.0%,50.0%,100.0%,0.0%,100.0%
PERRY COUNTY MEMORIAL HOSPITAL,1,0,1,0.5%,0.0%,0.5%,0,0,0,0.0%,0.0%,0.0%,0.0%,0.0%,0.0%,100.0%,0.0%,100.0%,100.0%,0.0%,100.0%
CAVALRY SPV II LLC,1,0,1,0.5%,0.0%,0.5%,0,0,0,0.0%,0.0%,0.0%,0.0%,0.0%,0.0%,0.0%,0.0%,0.0%,100.0%,0.0%,100.0%
PORTFOLIO RECOVERY,1,0,1,0.5%,0.0%,0.5%,0,0,0,0.0%,0.0%,0.0%,0.0%,0.0%,0.0%,0.0%,0.0%,0.0%,100.0%,0.0%,100.0%
ST LOUIS UNIVERSITY,1,0,1,0.5%,0.0%,0.5%,0,0,0,0.0%,0.0%,0.0%,0.0%,0.0%,0.0%,0.0%,0.0%,0.0%,100.0%,0.0%,100.0%
BARCLAYS BANK DELAWARE,1,0,1,0.5%,0.0%,0.5%,0,0,0,0.0%,0.0%,0.0%,0.0%,0.0%,0.0%,0.0%,0.0%,0.0%,100.0%,0.0%,100.0%
MOBERLY HOSPITAL COMPANY LLC,1,0,1,0.5%,0.0%,0.5%,0,0,0,0.0%,0.0%,0.0%,0.0%,0.0%,0.0%,0.0%,0.0%,0.0%,100.0%,0.0%,100.0%
VELOCITY INVESTMENTS LLC,1,0,1,0.5%,0.0%,0.5%,0,0,0,0.0%,0.0%,0.0%,0.0%,0.0%,0.0%,0.0%,0.0%,0.0%,100.0%,0.0%,100.0%
CAPITOL ONE BANK (USA) NA,1,0,1,0.5%,0.0%,0.5%,0,0,0,0.0%,0.0%,0.0%,0.0%,0.0%,0.0%,0.0%,0.0%,0.0%,100.0%,0.0%,100.0%
CACH LLC A LIMITED LIABILITY COMPANY,1,0,1,0.5%,0.0%,0.5%,0,0,0,0.0%,0.0%,0.0%,0.0%,0.0%,0.0%,0.0%,0.0%,0.0%,100.0%,0.0%,100.0%
CITIBANK C/O MIKE MORRISON,1,0,1,0.5%,0.0%,0.5%,0,0,0,0.0%,0.0%,0.0%,0.0%,0.0%,0.0%,0.0%,0.0%,0.0%,100.0%,0.0%,100.0%
A&E FUTURES LLC,1,0,1,0.5%,0.0%,0.5%,0,0,0,0.0%,0.0%,0.0%,0.0%,0.0%,0.0%,100.0%,0.0%,100.0%,100.0%,0.0%,100.0%
CREDIT BUREAU SERVICES LLC AAO CCPAS INC,1,0,1,0.5%,0.0%,0.5%,0,0,0,0.0%,0.0%,0.0%,0.0%,0.0%,0.0%,0.0%,0.0%,0.0%,100.0%,0.0%,100.0%
JH MET SUBSIDIARY B LIQUIDATING TRUST,1,0,1,0.5%,0.0%,0.5%,0,0,0,0.0%,0.0%,0.0%,0.0%,0.0%,0.0%,0.0%,0.0%,0.0%,100.0%,0.0%,100.0%
CREDIT BUREAU SERVICES LLC AAO BUTLER COUNTY EMS LLC,1,0,1,0.5%,0.0%,0.5%,0,0,0,0.0%,0.0%,0.0%,0.0%,0.0%,0.0%,100.0%,0.0%,100.0%,100.0%,0.0%,100.0%
PROFESSIONAL CREDIT MANAGEMENT INC,1,0,1,0.5%,0.0%,0.5%,0,0,0,0.0%,0.0%,0.0%,0.0%,0.0%,0.0%,0.0%,0.0%,0.0%,100.0%,0.0%,100.0%
CEDARGATE HEALTHCARE,1,0,1,0.5%,0.0%,0.5%,0,0,0,0.0%,0.0%,0.0%,0.0%,0.0%,0.0%,100.0%,0.0%,100.0%,100.0%,0.0%,100.0%
CREDIT CORP SOLUTIONS INC,1,0,1,0.5%,0.0%,0.5%,0,0,0,0.0%,0.0%,0.0%,0.0%,0.0%,0.0%,0.0%,0.0%,0.0%,100.0%,0.0%,100.0%
COMMERCE BANK,1,0,1,0.5%,0.0%,0.5%,0,0,0,0.0%,0.0%,0.0%,100.0%,0.0%,100.0%,0.0%,0.0%,0.0%,0.0%,0.0%,0.0%
FIRST BANK A MISSOURI STATE BANK,1,1,0,0.5%,4.2%,0.0%,0,0,0,0.0%,0.0%,0.0%,0.0%,0.0%,0.0%,0.0%,0.0%,0.0%,0.0%,0.0%,0.0%
PROVIDER PLUS INC,1,1,0,0.5%,4.2%,0.0%,0,0,0,0.0%,0.0%,0.0%,0.0%,0.0%,0.0%,0.0%,0.0%,0.0%,100.0%,100.0%,0.0%
TD BANK USA NA,1,1,0,0.5%,4.2%,0.0%,0,0,0,0.0%,0.0%,0.0%,0.0%,0.0%,0.0%,0.0%,0.0%,0.0%,0.0%,0.0%,0.0%
SAINT LOUIS UNIVERSITY,1,1,0,0.5%,4.2%,0.0%,0,0,0,0.0%,0.0%,0.0%,0.0%,0.0%,0.0%,100.0%,100.0%,0.0%,100.0%,100.0%,0.0%ER FUNDING LLC ASSIGNEE OF WEBBANK,4,4,0,0.2%,0.4%,0.0%,0,0,0,0.0%,0.0%,0.0%,25.0%,25.0%,0.0%,0.0%,0.0%,0.0%,50.0%,50.0%,0.0%
PRESTIGE FINANCIAL SERVICES,4,4,0,0.2%,0.4%,0.0%,9713,9713,0,0.4%,1.1%,0.0%,0.0%,0.0%,0.0%,0.0%,0.0%,0.0%,25.0%,25.0%,0.0%
CREDIT ACCEPTANCE CORP.,4,4,0,0.2%,0.4%,0.0%,0,0,0,0.0%,0.0%,0.0%,0.0%,0.0%,0.0%,0.0%,0.0%,0.0%,25.0%,25.0%,0.0%
CAPITAL ONE NA,4,4,0,0.2%,0.4%,0.0%,3670,3670,0,0.2%,0.4%,0.0%,0.0%,0.0%,0.0%,0.0%,0.0%,0.0%,25.0%,25.0%,0.0%
NO PLAINTIFF FOUND,3,1,2,0.2%,0.1%,0.2%,2714,0,2714,0.1%,0.0%,0.2%,0.0%,0.0%,0.0%,0.0%,0.0%,0.0%,66.7%,0.0%,100.0%
FORUM CREDIT UNION,3,1,2,0.2%,0.1%,0.2%,28772,0,28772,1.2%,0.0%,1.9%,0.0%,0.0%,0.0%,0.0%,0.0%,0.0%,33.3%,0.0%,50.0%
ABSOLUTE RESOLUTIONS,3,2,1,0.2%,0.2%,0.1%,3722,0,3722,0.2%,0.0%,0.2%,0.0%,0.0%,0.0%,0.0%,0.0%,0.0%,33.3%,0.0%,100.0%
UNITED AUTO CREDIT CORPORATION,3,2,1,0.2%,0.2%,0.1%,0,0,0,0.0%,0.0%,0.0%,0.0%,0.0%,0.0%,0.0%,0.0%,0.0%,0.0%,0.0%,0.0%
HERITAGE ACCEPTANCE CORPORATION,3,1,2,0.2%,0.1%,0.2%,15092,0,15092,0.6%,0.0%,1.0%,0.0%,0.0%,0.0%,0.0%,0.0%,0.0%,33.3%,0.0%,50.0%
FIRST PORTFOLIO VENTURES I LLC,3,0,3,0.2%,0.0%,0.4%,5133,0,5133,0.2%,0.0%,0.3%,0.0%,0.0%,0.0%,0.0%,0.0%,0.0%,66.7%,0.0%,66.7%
CVI SGP-CO ACQUISITION TRUST,3,0,3,0.2%,0.0%,0.4%,0,0,0,0.0%,0.0%,0.0%,0.0%,0.0%,0.0%,0.0%,0.0%,0.0%,0.0%,0.0%,0.0%
OLIPHANT FINANCIAL LLC,3,2,1,0.2%,0.2%,0.1%,3593,3593,0,0.2%,0.4%,0.0%,0.0%,0.0%,0.0%,0.0%,0.0%,0.0%,33.3%,50.0%,0.0%
FIRST NATIONAL BANK OF OMAHA,3,3,0,0.2%,0.3%,0.0%,0,0,0,0.0%,0.0%,0.0%,0.0%,0.0%,0.0%,0.0%,0.0%,0.0%,0.0%,0.0%,0.0%
RLW ACCOUNTS LLC,3,3,0,0.2%,0.3%,0.0%,8933,8933,0,0.4%,1.0%,0.0%,0.0%,0.0%,0.0%,0.0%,0.0%,0.0%,66.7%,66.7%,0.0%
AUTOMOTIVE CREDIT CORPORATION,2,0,2,0.1%,0.0%,0.2%,6225,0,6225,0.3%,0.0%,0.4%,0.0%,0.0%,0.0%,0.0%,0.0%,0.0%,50.0%,0.0%,50.0%
ONE ADVANTAGE LLC,2,1,1,0.1%,0.1%,0.1%,4514,0,4514,0.2%,0.0%,0.3%,0.0%,0.0%,0.0%,0.0%,0.0%,0.0%,50.0%,0.0%,100.0%
TRANSCEND ORTHOTICS & PROTHETICS F/K/A MIDWEST ORTHOTIC SERVICES,2,0,2,0.1%,0.0%,0.2%,1229,0,1229,0.1%,0.0%,0.1%,0.0%,0.0%,0.0%,0.0%,0.0%,0.0%,50.0%,0.0%,50.0%
CONNERSVILLE CREDIT BUREAU,2,0,2,0.1%,0.0%,0.2%,14744,0,14744,0.6%,0.0%,1.0%,0.0%,0.0%,0.0%,0.0%,0.0%,0.0%,100.0%,0.0%,100.0%
EAGLE LOAN COMPANY OF OHIO INC,2,1,1,0.1%,0.1%,0.1%,0,0,0,0.0%,0.0%,0.0%,0.0%,0.0%,0.0%,0.0%,0.0%,0.0%,0.0%,0.0%,0.0%
SECOND ROUND LP,2,1,1,0.1%,0.1%,0.1%,2197,0,2197,0.1%,0.0%,0.1%,50.0%,0.0%,100.0%,0.0%,0.0%,0.0%,50.0%,0.0%,100.0%
EVANSVILLE TEACHERS FEDERAL CREDIT UNION,2,1,1,0.1%,0.1%,0.1%,0,0,0,0.0%,0.0%,0.0%,0.0%,0.0%,0.0%,0.0%,0.0%,0.0%,0.0%,0.0%,0.0%
CVI SGP ACQUISITION TRUST,2,0,2,0.1%,0.0%,0.2%,0,0,0,0.0%,0.0%,0.0%,0.0%,0.0%,0.0%,0.0%,0.0%,0.0%,0.0%,0.0%,0.0%
BUREAUS INVESTMENT GROUP PORTFOLIO NO 15 LLC,2,1,1,0.1%,0.1%,0.1%,2347,0,2347,0.1%,0.0%,0.2%,0.0%,0.0%,0.0%,0.0%,0.0%,0.0%,0.0%,0.0%,0.0%
ORTIZ INEZ,2,0,2,0.1%,0.0%,0.2%,0,0,0,0.0%,0.0%,0.0%,0.0%,0.0%,0.0%,0.0%,0.0%,0.0%,50.0%,0.0%,50.0%
FIRST FINANCIAL BANK,2,1,1,0.1%,0.1%,0.1%,3516,3516,0,0.1%,0.4%,0.0%,0.0%,0.0%,0.0%,0.0%,0.0%,0.0%,50.0%,100.0%,0.0%
TOYOTA MOTOR CREDIT CORPORATION,2,2,0,0.1%,0.2%,0.0%,0,0,0,0.0%,0.0%,0.0%,0.0%,0.0%,0.0%,0.0%,0.0%,0.0%,0.0%,0.0%,0.0%
CREDITONE LLC,2,2,0,0.1%,0.2%,0.0%,0,0,0,0.0%,0.0%,0.0%,0.0%,0.0%,0.0%,0.0%,0.0%,0.0%,0.0%,0.0%,0.0%
ATLAS COLLECTIONS INC,2,2,0,0.1%,0.2%,0.0%,0,0,0,0.0%,0.0%,0.0%,0.0%,0.0%,0.0%,0.0%,0.0%,0.0%,0.0%,0.0%,0.0%
FORD MOTOR CREDIT COMPANY LLC,2,2,0,0.1%,0.2%,0.0%,0,0,0,0.0%,0.0%,0.0%,50.0%,50.0%,0.0%,0.0%,0.0%,0.0%,0.0%,0.0%,0.0%
GENERAL ELECTRIC CREDIT UNION,2,2,0,0.1%,0.2%,0.0%,0,0,0,0.0%,0.0%,0.0%,0.0%,0.0%,0.0%,0.0%,0.0%,0.0%,0.0%,0.0%,0.0%
CASCADE CAPITAL LLC,2,2,0,0.1%,0.2%,0.0%,0,0,0,0.0%,0.0%,0.0%,0.0%,0.0%,0.0%,0.0%,0.0%,0.0%,0.0%,0.0%,0.0%
FINANCE SYSTEM OF RICHMOND INC ASSIGNEE OF REID HEALTH; REID PHYSICIAN ASSOC,2,2,0,0.1%,0.2%,0.0%,0,0,0,0.0%,0.0%,0.0%,0.0%,0.0%,0.0%,0.0%,0.0%,0.0%,0.0%,0.0%,0.0%
PERSONAL FINANCE COMPANY LLC,1,0,1,0.1%,0.0%,0.1%,0,0,0,0.0%,0.0%,0.0%,0.0%,0.0%,0.0%,0.0%,0.0%,0.0%,0.0%,0.0%,0.0%
EAGLE FINANCE COMPANY,1,0,1,0.1%,0.0%,0.1%,3354,0,3354,0.1%,0.0%,0.2%,0.0%,0.0%,0.0%,0.0%,0.0%,0.0%,100.0%,0.0%,100.0%
RELIANT FUNDING,1,0,1,0.1%,0.0%,0.1%,0,0,0,0.0%,0.0%,0.0%,0.0%,0.0%,0.0%,0.0%,0.0%,0.0%,100.0%,0.0%,100.0%
DISCOVER PRODUCTS INC,1,0,1,0.1%,0.0%,0.1%,0,0,0,0.0%,0.0%,0.0%,0.0%,0.0%,0.0%,0.0%,0.0%,0.0%,0.0%,0.0%,0.0%
PANICO LAW LLC,1,0,1,0.1%,0.0%,0.1%,0,0,0,0.0%,0.0%,0.0%,0.0%,0.0%,0.0%,0.0%,0.0%,0.0%,100.0%,0.0%,100.0%
SARASOTA CCM INC,1,0,1,0.1%,0.0%,0.1%,0,0,0,0.0%,0.0%,0.0%,0.0%,0.0%,0.0%,0.0%,0.0%,0.0%,100.0%,0.0%,100.0%
BARCLAYS BANK DELAWARE,1,0,1,0.1%,0.0%,0.1%,2808,0,2808,0.1%,0.0%,0.2%,0.0%,0.0%,0.0%,0.0%,0.0%,0.0%,100.0%,0.0%,100.0%
UNITED CONSUMER FINANCIAL SERVICES CO INC,1,0,1,0.1%,0.0%,0.1%,2558,0,2558,0.1%,0.0%,0.2%,0.0%,0.0%,0.0%,0.0%,0.0%,0.0%,100.0%,0.0%,100.0%
COMMUNITYWIDE FEDERAL CREDIT UNION,1,0,1,0.1%,0.0%,0.1%,0,0,0,0.0%,0.0%,0.0%,100.0%,0.0%,100.0%,0.0%,0.0%,0.0%,0.0%,0.0%,0.0%
C&F FINANCE COMPANY,1,0,1,0.1%,0.0%,0.1%,9490,0,9490,0.4%,0.0%,0.6%,0.0%,0.0%,0.0%,0.0%,0.0%,0.0%,100.0%,0.0%,100.0%
DECATUR DIAMOND LLC,1,0,1,0.1%,0.0%,0.1%,0,0,0,0.0%,0.0%,0.0%,0.0%,0.0%,0.0%,0.0%,0.0%,0.0%,100.0%,0.0%,100.0%
JOHN DEERE FINANCIAL F.S.B.,1,0,1,0.1%,0.0%,0.1%,0,0,0,0.0%,0.0%,0.0%,100.0%,0.0%,100.0%,0.0%,0.0%,0.0%,0.0%,0.0%,0.0%
HARVEST LAND CO-OP INC,1,0,1,0.1%,0.0%,0.1%,0,0,0,0.0%,0.0%,0.0%,0.0%,0.0%,0.0%,0.0%,0.0%,0.0%,100.0%,0.0%,100.0%
CAVALRY SPV I LLC AS ASSIGNEE OF CITIBANK N.A,1,0,1,0.1%,0.0%,0.1%,2615,0,2615,0.1%,0.0%,0.2%,0.0%,0.0%,0.0%,0.0%,0.0%,0.0%,100.0%,0.0%,100.0%
POINTONE RECRUITING SOLUTIONS INC,1,0,1,0.1%,0.0%,0.1%,0,0,0,0.0%,0.0%,0.0%,100.0%,0.0%,100.0%,0.0%,0.0%,0.0%,100.0%,0.0%,100.0%
VELOCITY INVESTMENTS LLC ASSIGNEE OF LENDINGCLUB CORPORATION ASSIGNEE OF WEBBANK,1,0,1,0.1%,0.0%,0.1%,0,0,0,0.0%,0.0%,0.0%,100.0%,0.0%,100.0%,0.0%,0.0%,0.0%,100.0%,0.0%,100.0%
CHRISTOPHER ESTATE OF RONALD R.,1,0,1,0.1%,0.0%,0.1%,0,0,0,0.0%,0.0%,0.0%,0.0%,0.0%,0.0%,0.0%,0.0%,0.0%,0.0%,0.0%,0.0%
RBC INC,1,0,1,0.1%,0.0%,0.1%,1426,0,1426,0.1%,0.0%,0.1%,0.0%,0.0%,0.0%,0.0%,0.0%,0.0%,100.0%,0.0%,100.0%
LL RECEIVABLES COMPANY AST MID-AMERICA,1,0,1,0.1%,0.0%,0.1%,0,0,0,0.0%,0.0%,0.0%,0.0%,0.0%,0.0%,0.0%,0.0%,0.0%,100.0%,0.0%,100.0%
BOARD OF TRUSTEES OF THE INDIANA LABORERS WELFARE FUND,1,0,1,0.1%,0.0%,0.1%,0,0,0,0.0%,0.0%,0.0%,0.0%,0.0%,0.0%,0.0%,0.0%,0.0%,0.0%,0.0%,0.0%
ROSEBUD VILLAGE,1,0,1,0.1%,0.0%,0.1%,0,0,0,0.0%,0.0%,0.0%,0.0%,0.0%,0.0%,0.0%,0.0%,0.0%,0.0%,0.0%,0.0%
NASA FEDERAL CREDIT UNION,1,0,1,0.1%,0.0%,0.1%,14755,0,14755,0.6%,0.0%,1.0%,0.0%,0.0%,0.0%,0.0%,0.0%,0.0%,100.0%,0.0%,100.0%
TEACHERS CREDIT UNION,1,0,1,0.1%,0.0%,0.1%,0,0,0,0.0%,0.0%,0.0%,0.0%,0.0%,0.0%,0.0%,0.0%,0.0%,100.0%,0.0%,100.0%
KEMBA CREDIT UNION,1,0,1,0.1%,0.0%,0.1%,10145,0,10145,0.4%,0.0%,0.7%,0.0%,0.0%,0.0%,0.0%,0.0%,0.0%,0.0%,0.0%,0.0%
RANDOLPH FARMS INC D/B/A EAST CENTRAL RECYCLING,1,0,1,0.1%,0.0%,0.1%,0,0,0,0.0%,0.0%,0.0%,100.0%,0.0%,100.0%,0.0%,0.0%,0.0%,0.0%,0.0%,0.0%
AUTOVEST L.L.C,1,0,1,0.1%,0.0%,0.1%,0,0,0,0.0%,0.0%,0.0%,0.0%,0.0%,0.0%,0.0%,0.0%,0.0%,0.0%,0.0%,0.0%
NAR. INC,1,0,1,0.1%,0.0%,0.1%,5780,0,5780,0.2%,0.0%,0.4%,0.0%,0.0%,0.0%,0.0%,0.0%,0.0%,100.0%,0.0%,100.0%
TEMPORARY HELP SERVICES OF RICHMOND INC D/B/A MANPOWER OF RICHMOND,1,0,1,0.1%,0.0%,0.1%,0,0,0,0.0%,0.0%,0.0%,100.0%,0.0%,100.0%,0.0%,0.0%,0.0%,0.0%,0.0%,0.0%
CONN APPLIANCES INC,1,0,1,0.1%,0.0%,0.1%,6299,0,6299,0.3%,0.0%,0.4%,0.0%,0.0%,0.0%,0.0%,0.0%,0.0%,100.0%,0.0%,100.0%
FOURSIGHT CAPITAL LLC,1,0,1,0.1%,0.0%,0.1%,9500,0,9500,0.4%,0.0%,0.6%,0.0%,0.0%,0.0%,0.0%,0.0%,0.0%,100.0%,0.0%,100.0%
FIRST MERCHANTS BANK,1,0,1,0.1%,0.0%,0.1%,0,0,0,0.0%,0.0%,0.0%,0.0%,0.0%,0.0%,0.0%,0.0%,0.0%,100.0%,0.0%,100.0%
SWIFT FINANCIAL LLC AS SERVICING AGENT FOR WEBBANK,1,0,1,0.1%,0.0%,0.1%,0,0,0,0.0%,0.0%,0.0%,0.0%,0.0%,0.0%,0.0%,0.0%,0.0%,0.0%,0.0%,0.0%
SHELTON CYNDI,1,0,1,0.1%,0.0%,0.1%,31357,0,31357,1.3%,0.0%,2.0%,0.0%,0.0%,0.0%,0.0%,0.0%,0.0%,100.0%,0.0%,100.0%
PORTFOLIO RECOVERY ASSOCIATESLLC,1,0,1,0.1%,0.0%,0.1%,0,0,0,0.0%,0.0%,0.0%,0.0%,0.0%,0.0%,0.0%,0.0%,0.0%,0.0%,0.0%,0.0%
GONZALEZ BLANCA,1,0,1,0.1%,0.0%,0.1%,0,0,0,0.0%,0.0%,0.0%,0.0%,0.0%,0.0%,0.0%,0.0%,0.0%,100.0%,0.0%,100.0%
PCA ACQUISITIONS V LLC,1,0,1,0.1%,0.0%,0.1%,2820,0,2820,0.1%,0.0%,0.2%,0.0%,0.0%,0.0%,0.0%,0.0%,0.0%,100.0%,0.0%,100.0%
VELOCITY INVESTMENTS LLC ASSIGNEE OF LENDINGCLUB CORPORATION ASSIGNEE OF WEBBAN,1,0,1,0.1%,0.0%,0.1%,0,0,0,0.0%,0.0%,0.0%,0.0%,0.0%,0.0%,0.0%,0.0%,0.0%,0.0%,0.0%,0.0%
DEPARTMENT STORES,1,0,1,0.1%,0.0%,0.1%,0,0,0,0.0%,0.0%,0.0%,100.0%,0.0%,100.0%,0.0%,0.0%,0.0%,0.0%,0.0%,0.0%
DENZLER SEEDS INC D/B/A 1ST CHOICE SEEDS,1,0,1,0.1%,0.0%,0.1%,0,0,0,0.0%,0.0%,0.0%,0.0%,0.0%,0.0%,0.0%,0.0%,0.0%,100.0%,0.0%,100.0%
VANDALIA RENTAL,1,0,1,0.1%,0.0%,0.1%,8232,0,8232,0.3%,0.0%,0.5%,0.0%,0.0%,0.0%,0.0%,0.0%,0.0%,100.0%,0.0%,100.0%
JHPDE FINANCE I LLC,1,1,0,0.1%,0.1%,0.0%,0,0,0,0.0%,0.0%,0.0%,0.0%,0.0%,0.0%,0.0%,0.0%,0.0%,0.0%,0.0%,0.0%
COMMUNITYWIDE FCU,1,1,0,0.1%,0.1%,0.0%,0,0,0,0.0%,0.0%,0.0%,0.0%,0.0%,0.0%,0.0%,0.0%,0.0%,0.0%,0.0%,0.0%
FINANCE SYSTEM OF RICHMOND INC SII TO WHITEWATER EYE CTR. & WHITEWATER SURG. C,1,1,0,0.1%,0.1%,0.0%,4802,4802,0,0.2%,0.6%,0.0%,0.0%,0.0%,0.0%,0.0%,0.0%,0.0%,100.0%,100.0%,0.0%
BANK OF AMERICA N.A,1,1,0,0.1%,0.1%,0.0%,3367,3367,0,0.1%,0.4%,0.0%,0.0%,0.0%,0.0%,0.0%,0.0%,0.0%,100.0%,100.0%,0.0%
FINANCE SYSTEM OF RICHMOND INC SII TO REID HEALTH; REID PHYS. ASSOC. & RICHMOND,1,1,0,0.1%,0.1%,0.0%,0,0,0,0.0%,0.0%,0.0%,0.0%,0.0%,0.0%,0.0%,0.0%,0.0%,0.0%,0.0%,0.0%
SOUTH SHORE MARINA INC,1,1,0,0.1%,0.1%,0.0%,0,0,0,0.0%,0.0%,0.0%,0.0%,0.0%,0.0%,0.0%,0.0%,0.0%,0.0%,0.0%,0.0%
REGIONAL ACCEPTANCE CORP.,1,1,0,0.1%,0.1%,0.0%,0,0,0,0.0%,0.0%,0.0%,0.0%,0.0%,0.0%,0.0%,0.0%,0.0%,0.0%,0.0%,0.0%
UNION SAVINGS & LOAN ASSOCIATION,1,1,0,0.1%,0.1%,0.0%,0,0,0,0.0%,0.0%,0.0%,0.0%,0.0%,0.0%,0.0%,0.0%,0.0%,0.0%,0.0%,0.0%
SIVANTOS INC,1,1,0,0.1%,0.1%,0.0%,0,0,0,0.0%,0.0%,0.0%,100.0%,100.0%,0.0%,0.0%,0.0%,0.0%,100.0%,100.0%,0.0%
ALLY BANK,1,1,0,0.1%,0.1%,0.0%,0,0,0,0.0%,0.0%,0.0%,0.0%,0.0%,0.0%,0.0%,0.0%,0.0%,0.0%,0.0%,0.0%
PYOD LLC,1,1,0,0.1%,0.1%,0.0%,0,0,0,0.0%,0.0%,0.0%,0.0%,0.0%,0.0%,0.0%,0.0%,0.0%,0.0%,0.0%,0.0%
WESTLAKE SERVICES LLC DBA WESTLAKE FINANCIAL SERVICES,1,1,0,0.1%,0.1%,0.0%,0,0,0,0.0%,0.0%,0.0%,0.0%,0.0%,0.0%,0.0%,0.0%,0.0%,0.0%,0.0%,0.0%
MARINER FINANCE LLC SUCCESSOR IN INTEREST TO PERSONAL FINANCE COMPANY LLC,1,1,0,0.1%,0.1%,0.0%,0,0,0,0.0%,0.0%,0.0%,0.0%,0.0%,0.0%,0.0%,0.0%,0.0%,0.0%,0.0%,0.0%
UNITED AUTO CREDIT,1,1,0,0.1%,0.1%,0.0%,0,0,0,0.0%,0.0%,0.0%,0.0%,0.0%,0.0%,0.0%,0.0%,0.0%,0.0%,0.0%,0.0%
FIANCE SYSTEM OF RICHMOND INC ASSIGNEE OF REID HEALTH,1,1,0,0.1%,0.1%,0.0%,0,0,0,0.0%,0.0%,0.0%,0.0%,0.0%,0.0%,0.0%,0.0%,0.0%,0.0%,0.0%,0.0%
NCB MANAGEMENT SERVICES INC,1,1,0,0.1%,0.1%,0.0%,0,0,0,0.0%,0.0%,0.0%,0.0%,0.0%,0.0%,0.0%,0.0%,0.0%,0.0%,0.0%,0.0%
STONE CREEK FINANCIAL INC,1,1,0,0.1%,0.1%,0.0%,0,0,0,0.0%,0.0%,0.0%,0.0%,0.0%,0.0%,0.0%,0.0%,0.0%,0.0%,0.0%,0.0%
JH CX LIQUIDATING TRUST,1,1,0,0.1%,0.1%,0.0%,0,0,0,0.0%,0.0%,0.0%,0.0%,0.0%,0.0%,0.0%,0.0%,0.0%,0.0%,0.0%,0.0%
ARGO WOODLARK II LLC,1,1,0,0.1%,0.1%,0.0%,0,0,0,0.0%,0.0%,0.0%,0.0%,0.0%,0.0%,0.0%,0.0%,0.0%,0.0%,0.0%,0.0%
DNF ASSOCIATES,1,1,0,0.1%,0.1%,0.0%,0,0,0,0.0%,0.0%,0.0%,0.0%,0.0%,0.0%,0.0%,0.0%,0.0%,0.0%,0.0%,0.0%
VELOCITY INVESTMENTS LLC ASSIGNEE OF CONSUMER PORTFOLIO SERVICES INC,1,1,0,0.1%,0.1%,0.0%,0,0,0,0.0%,0.0%,0.0%,0.0%,0.0%,0.0%,0.0%,0.0%,0.0%,0.0%,0.0%,0.0%
ADLP INVESTMENTS LLC SERIES 1,1,1,0,0.1%,0.1%,0.0%,0,0,0,0.0%,0.0%,0.0%,0.0%,0.0%,0.0%,0.0%,0.0%,0.0%,0.0%,0.0%,0.0%
ACUITY,1,1,0,0.1%,0.1%,0.0%,0,0,0,0.0%,0.0%,0.0%,0.0%,0.0%,0.0%,0.0%,0.0%,0.0%,0.0%,0.0%,0.0%
DB PLUMBING OF RICHMOND INC D/B/A DB PLUMBING INC.,1,1,0,0.1%,0.1%,0.0%,0,0,0,0.0%,0.0%,0.0%,0.0%,0.0%,0.0%,0.0%,0.0%,0.0%,0.0%,0.0%,0.0%
MERCHANTS ACCEPTANCE CORPORATION,1,1,0,0.1%,0.1%,0.0%,0,0,0,0.0%,0.0%,0.0%,0.0%,0.0%,0.0%,0.0%,0.0%,0.0%,0.0%,0.0%,0.0%
RIVERVIEW HOSPITAL D/B/A ARBOR TRACE HEALTH AND LIVING COMMUNITY,1,1,0,0.1%,0.1%,0.0%,0,0,0,0.0%,0.0%,0.0%,0.0%,0.0%,0.0%,0.0%,0.0%,0.0%,0.0%,0.0%,0.0%
JKJ FINANCIAL SERVICES LLC,1,1,0,0.1%,0.1%,0.0%,0,0,0,0.0%,0.0%,0.0%,100.0%,100.0%,0.0%,0.0%,0.0%,0.0%,0.0%,0.0%,0.0%
CHU JIAN,1,1,0,0.1%,0.1%,0.0%,167,167,0,0.0%,0.0%,0.0%,0.0%,0.0%,0.0%,0.0%,0.0%,0.0%,0.0%,0.0%,0.0%
ACCELERATED INVENTORY MANAGEMENT LLC,1,1,0,0.1%,0.1%,0.0%,0,0,0,0.0%,0.0%,0.0%,0.0%,0.0%,0.0%,0.0%,0.0%,0.0%,0.0%,0.0%,0.0%
NICHOLAS FINANCIAL INC,1,1,0,0.1%,0.1%,0.0%,0,0,0,0.0%,0.0%,0.0%,0.0%,0.0%,0.0%,0.0%,0.0%,0.0%,0.0%,0.0%,0.0%
UNION CITY FIRE DEPARTMENT,1,1,0,0.1%,0.1%,0.0%,0,0,0,0.0%,0.0%,0.0%,0.0%,0.0%,0.0%,0.0%,0.0%,0.0%,0.0%,0.0%,0.0%
4FRONT CREDIT UNION,1,1,0,0.1%,0.1%,0.0%,0,0,0,0.0%,0.0%,0.0%,0.0%,0.0%,0.0%,0.0%,0.0%,0.0%,0.0%,0.0%,0.0%
CROSSROADS FINANCIAL FEDERAL CREDIT UNION,1,1,0,0.1%,0.1%,0.0%,0,0,0,0.0%,0.0%,0.0%,0.0%,0.0%,0.0%,0.0%,0.0%,0.0%,0.0%,0.0%,0.0%
IN RECEIVABLES INC LOAN DEPOT,1,1,0,0.1%,0.1%,0.0%,0,0,0,0.0%,0.0%,0.0%,0.0%,0.0%,0.0%,0.0%,0.0%,0.0%,0.0%,0.0%,0.0%
FORSYTHE FINANCE LLC,1,1,0,0.1%,0.1%,0.0%,0,0,0,0.0%,0.0%,0.0%,0.0%,0.0%,0.0%,0.0%,0.0%,0.0%,0.0%,0.0%,0.0%
RECEIVABLES MANAGEMENT PARTNERSLLC FKA IMC CREDIT SERVICES LLC,1,1,0,0.1%,0.1%,0.0%,0,0,0,0.0%,0.0%,0.0%,0.0%,0.0%,0.0%,0.0%,0.0%,0.0%,100.0%,100.0%,0.0%
EAGLE FINANCIAL SERVICES INC,1,1,0,0.1%,0.1%,0.0%,0,0,0,0.0%,0.0%,0.0%,0.0%,0.0%,0.0%,0.0%,0.0%,0.0%,0.0%,0.0%,0.0%
GRANT RONNIE,1,1,0,0.1%,0.1%,0.0%,0,0,0,0.0%,0.0%,0.0%,100.0%,100.0%,0.0%,0.0%,0.0%,0.0%,0.0%,0.0%,0.0%
CAVALRY SPV I LLC AS ASSIGNEE OF SYNCHRONY BANK,1,1,0,0.1%,0.1%,0.0%,1206,1206,0,0.1%,0.1%,0.0%,0.0%,0.0%,0.0%,0.0%,0.0%,0.0%,100.0%,100.0%,0.0%
CITIZENS BANK NA,1,1,0,0.1%,0.1%,0.0%,0,0,0,0.0%,0.0%,0.0%,0.0%,0.0%,0.0%,0.0%,0.0%,0.0%,100.0%,100.0%,0.0%
RESURGENT RECEIVABLES LLC,1,1,0,0.1%,0.1%,0.0%,0,0,0,0.0%,0.0%,0.0%,0.0%,0.0%,0.0%,0.0%,0.0%,0.0%,0.0%,0.0%,0.0%
LEI HOME ENHANCEMENTS,1,1,0,0.1%,0.1%,0.0%,0,0,0,0.0%,0.0%,0.0%,0.0%,0.0%,0.0%,0.0%,0.0%,0.0%,0.0%,0.0%,0.0%
FINANCE SYSTEMS INC SII REID PHYSICIAN ASSOCIATES INC,1,1,0,0.1%,0.1%,0.0%,0,0,0,0.0%,0.0%,0.0%,100.0%,100.0%,0.0%,0.0%,0.0%,0.0%,0.0%,0.0%,0.0%
GILLMAN INC,1,1,0,0.1%,0.1%,0.0%,0,0,0,0.0%,0.0%,0.0%,0.0%,0.0%,0.0%,0.0%,0.0%,0.0%,100.0%,100.0%,0.0%
JH MET SUBSIDIARY B LIQUIDATING TRUST ASSIGNEE OF JH PORTFOLIO,1,1,0,0.1%,0.1%,0.0%,5740,5740,0,0.2%,0.7%,0.0%,0.0%,0.0%,0.0%,0.0%,0.0%,0.0%,100.0%,100.0%,0.0%
NAVY FEDERAL CREDIT UNION,1,1,0,0.1%,0.1%,0.0%,0,0,0,0.0%,0.0%,0.0%,0.0%,0.0%,0.0%,0.0%,0.0%,0.0%,0.0%,0.0%,0.0%
CENTRAL TRANSPORT,1,1,0,0.1%,0.1%,0.0%,0,0,0,0.0%,0.0%,0.0%,0.0%,0.0%,0.0%,0.0%,0.0%,0.0%,0.0%,0.0%,0.0%
LUTHER APPLIANCE & FURNITURE SALES ACQUISITION LLC,1,1,0,0.1%,0.1%,0.0%,0,0,0,0.0%,0.0%,0.0%,0.0%,0.0%,0.0%,0.0%,0.0%,0.0%,0.0%,0.0%,0.0%
BYRIDER FINANCE LLC D/B/A CNAC,1,1,0,0.1%,0.1%,0.0%,0,0,0,0.0%,0.0%,0.0%,0.0%,0.0%,0.0%,0.0%,0.0%,0.0%,0.0%,0.0%,0.0%
MERCHANTS ACCEPTANCE CORP.,1,1,0,0.1%,0.1%,0.0%,0,0,0,0.0%,0.0%,0.0%,0.0%,0.0%,0.0%,0.0%,0.0%,0.0%,0.0%,0.0%,0.0%
PARKS CHRISTINE,1,1,0,0.1%,0.1%,0.0%,70,70,0,0.0%,0.0%,0.0%,0.0%,0.0%,0.0%,0.0%,0.0%,0.0%,0.0%,0.0%,0.0%
MCKEE STRINGFELLOW,1,1,0,0.1%,0.1%,0.0%,70,70,0,0.0%,0.0%,0.0%,100.0%,100.0%,0.0%,0.0%,0.0%,0.0%,0.0%,0.0%,0.0%
AMERICAN EXPRESS NATIONAL BANK FKA FSB,1,1,0,0.1%,0.1%,0.0%,0,0,0,0.0%,0.0%,0.0%,0.0%,0.0%,0.0%,0.0%,0.0%,0.0%,0.0%,0.0%,0.0%